{"cameraMode":{"drawMode":0,"name":"Shaded","section":"Shading Mode"},"sceneLighting":false,"audioPlay":false,"sceneViewState":{"m_AlwaysRefresh":false,"showFog":true,"showSkybox":false,"showFlares":true,"showImageEffects":true,"showParticleSystems":true,"showVisualEffectGraphs":true,"m_FxEnabled":true},"in2DMode":false,"pivot":{"x":0.12964177131652833,"y":0.27562475204467776,"z":9.5731840133667},"rotation":{"x":0.2277211993932724,"y":-0.11279384791851044,"z":0.026544269174337388,"w":0.9668526649475098},"size":8.442441940307618,"orthographic":false}